message,link,permalink_url,created_time,type,name,id,shares/count,reactions/summary/total_count,reactions/summary/viewer_reaction,likes/summary/total_count,likes/summary/can_like,likes/summary/has_liked,comments/summary/order,comments/summary/total_count,comments/summary/can_comment,message_tags/0/id,message_tags/0/name,message_tags/0/type,message_tags/0/offset,message_tags/0/length,message_tags/1/id,message_tags/1/name,message_tags/1/type,message_tags/1/offset,message_tags/1/length,message_tags/2/id,message_tags/2/name,message_tags/2/type,message_tags/2/offset,message_tags/2/length,message_tags/3/id,message_tags/3/name,message_tags/3/type,message_tags/3/offset,message_tags/3/length
"Happy New Year！2015！
你正跟親朋好友聚在一起嗎？快跟團長一樣，訂一份好食雞同樂餐－－「你一口我一口，麻吉相挺到永久～」

＞外送專線：4128000（是你餓吧！鈴鈴鈴！）（歡迎電話預約外帶！）
＞#網路訂餐：http://goo.gl/WyC937

#HappyNewYear #Happy2015",https://www.facebook.com/kfctaiwan/photos/a.329668497105719.76003.324273577645211/823491981056699/?type=3,https://www.facebook.com/kfctaiwan/posts/827753123963918:0,2015-01-01T09:00:01+0000,photo,Timeline Photos,324273577645211_823491981056699,6,258,NONE,258,false,false,ranked,3,false,,,,,,,,,,,,,,,,,,,,
"「Happy New Year！新年快樂！」
全新的一年嶄新的開始，就讓 #肯德基早餐 與 Lavazza #義式咖啡 陪你一起迎接2015活力的每一天！
嚐鮮還有巧克力獨享優惠，限店限量供應！
說明看這裡＞＞http://goo.gl/TJ9dWZ
#新年快樂 #HappyNewYear #ItalianCoffee #優惠 #限量贈品",http://goo.gl/TJ9dWZ,https://www.facebook.com/kfctaiwan/posts/826869824052248,2015-01-01T00:30:01+0000,link,肯德基早餐開始供應LAVAZZA好咖啡,324273577645211_826869824052248,42,6035,NONE,6035,false,false,ranked,22,false,110931753523,Lavazza,page,46,7,,,,,,,,,,,,,,,
"有參加 #元旦升旗、#迎接第一道曙光 的粉絲請喊又！！
歡迎超有朝氣的你蒞臨享用活力 #早餐 ～
↑↑.+゜*ヽ(㊤´∀`*㊤)ノ。:゜+

＞更多 #優惠券：http://goo.gl/5MF9YR
＞找附近 #肯德基：http://goo.gl/UZ2GxE

#COUPON #早餐好省",https://www.facebook.com/kfctaiwan/photos/a.329668497105719.76003.324273577645211/823495007723063/?type=3,https://www.facebook.com/kfctaiwan/posts/827292960676601:0,2014-12-31T23:20:00+0000,photo,Timeline Photos,324273577645211_823495007723063,9,255,NONE,255,false,false,ranked,1,false,,,,,,,,,,,,,,,,,,,,
"～跨年夜，無雞不歡～
團長今夜揪了一票好朋友來家裡，把「18塊雞同樂餐」準備好，就能一起吃熱騰騰的好料、收看精彩的跨年節目、倒數等煙火！
偷偷告訴你：有烤有炸有 #蛋撻！越早訂、越優惠！手腳要快ㄟ！

＞訂餐專線：4128000（是你餓吧！鈴鈴鈴！)歡迎電話訂餐，預約外帶！
＞#網路訂餐：http://goo.gl/WdPFRD",https://www.facebook.com/kfctaiwan/photos/a.329668497105719.76003.324273577645211/823501581055739/?type=3,https://www.facebook.com/kfctaiwan/posts/826625764076654:0,2014-12-31T02:00:01+0000,photo,Timeline Photos,324273577645211_823501581055739,6,268,NONE,268,false,false,ranked,4,false,,,,,,,,,,,,,,,,,,,,
"<3 一盒在手$749，美味無窮到永久 <3
#肯德基 派對歡聚盒有吃過都喊「再來一份」的 #A咔派對雞、人氣紅不讓的 #咔拉脆雞、辦趴少不了的 #FUN4享樂拼盤！2天前預購還有優惠加碼！
別等！手機速撥4128000訂餐，外帶自取也OK喔～",https://www.facebook.com/kfctaiwan/photos/a.329668497105719.76003.324273577645211/823490351056862/?type=3,https://www.facebook.com/kfctaiwan/posts/826078257464738:0,2014-12-30T02:37:01+0000,photo,Timeline Photos,324273577645211_823490351056862,4,210,NONE,210,false,false,ranked,1,false,,,,,,,,,,,,,,,,,,,,
"正在進行一個享用 #A咔派對雞 重量級XL套餐的動作～
這麼豐富、美味又多樣，只要$155！
馬上點來吃：http://goo.gl/3ZcPM8",https://www.facebook.com/kfctaiwan/photos/a.329668497105719.76003.324273577645211/821096914629539/?type=3,https://www.facebook.com/kfctaiwan/posts/825667814172449:0,2014-12-29T10:45:00+0000,photo,Timeline Photos,324273577645211_821096914629539,8,379,NONE,379,false,false,ranked,8,false,,,,,,,,,,,,,,,,,,,,
"酸甜帶勁的 #A咔派對雞
脆皮微辣的 #咔啦脆雞
皮香肉嫩的 #紐奧良手扒雞
入味多汁的 #蜜汁烙烤雞腿排
多重主食 + #FUN4享樂拼盤 + 原味 #蛋撻禮盒 + 百事可樂
澎派的「梭哈派對餐」，兩天前預購還享優惠，#跨年 必點這一味！

＞外送專線：4128000（是你餓吧！鈴鈴鈴！）
＞#網路訂餐：http://goo.gl/KZ0WNR

#NewYear #Party #Countdown #倒數2015 #Feast #跨年大餐",https://www.facebook.com/kfctaiwan/photos/a.329668497105719.76003.324273577645211/823472527725311/?type=3,https://www.facebook.com/kfctaiwan/posts/825426037529960:0,2014-12-29T03:00:01+0000,photo,Timeline Photos,324273577645211_823472527725311,2,229,NONE,229,false,false,ranked,3,false,,,,,,,,,,,,,,,,,,,,
"過完 #聖誕 過 #元旦，沒有什麼比「超人氣同樂餐」更討喜了！ヾ(●´▽｀●)ノ
永堡安康 + 雞祥如意 + 心有所薯 + 元蛋快樂 + 百事可樂！！
快撥4128-000，預約好運送到家！

＞網路訂餐：http://goo.gl/9rV7mP（加入會員還享入會首購禮～）

#咔啦雞腿堡 #咔啦脆雞 #蛋塔 #蛋撻",https://www.facebook.com/kfctaiwan/photos/a.329668497105719.76003.324273577645211/823469394392291/?type=3,https://www.facebook.com/kfctaiwan/posts/824760567596507:0,2014-12-28T02:30:00+0000,photo,Timeline Photos,324273577645211_823469394392291,1,271,NONE,271,false,false,ranked,0,false,,,,,,,,,,,,,,,,,,,,
"~Friday Night, Party Night~
想來個你儂我儂雙人 #A咔派對雞 組合餐，還是要三五好友一起點個 #FUN4享樂拼盤？
請．選．擇！

＞更多 #優惠券：http://goo.gl/wZaGzR
（手機出示圖片或印出皆可兌換）
#COUPON #好康 #折價券 #PartyNight",https://www.facebook.com/kfctaiwan/photos/a.329668497105719.76003.324273577645211/821286051277292/?type=3,https://www.facebook.com/kfctaiwan/posts/823501857722378:0,2014-12-26T11:00:00+0000,photo,Timeline Photos,324273577645211_821286051277292,29,316,NONE,316,false,false,ranked,0,false,,,,,,,,,,,,,,,,,,,,
"周末轟趴準備好了嗎？派對救星 #肯德基 特別推出適合10人以上的「梭哈派對餐」，兩天前預購滿$700就送【原味蛋撻禮盒+20塊雞塊分享盒二合一兌換券】，快撥打(02)4128-000 ，美味幫您送到家！

#網路訂餐 享更多優惠：http://goo.gl/JqTr2d （立即加入會員還享首購入會禮： #A咔派對雞 1塊！）

好東西就要用力分享出去！

#轟趴專用 #Party #Feast #派對",https://www.facebook.com/kfctaiwan/photos/a.329668497105719.76003.324273577645211/821408924598338/?type=3,https://www.facebook.com/kfctaiwan/posts/823125037760060:0,2014-12-26T03:00:00+0000,photo,Timeline Photos,324273577645211_821408924598338,11,230,NONE,230,false,false,ranked,0,false,,,,,,,,,,,,,,,,,,,,
"特選12種食材，濃郁酸甜醬汁完美混搭香脆炸雞，就是想陪你 FUN 4享樂！
狂野熱賣中，立即搶購：http://goo.gl/5l5s6N

#A咔派對雞 #FUN4享樂拼盤",https://www.facebook.com/kfctaiwan/videos/821177181288179/,https://www.facebook.com/kfctaiwan/videos/821177181288179/,2014-12-25T04:00:00+0000,video,肯德基A咔派對雞歡樂降臨～,324273577645211_821177181288179,1,91,NONE,91,false,false,ranked,0,false,,,,,,,,,,,,,,,,,,,,
"親愛的：Merry Christmas! #耶誕快樂～ ヾ(●´▽｀●)ノ
記得帶今年冬天最甜蜜的伴手禮 #蜜香烤蘋果蛋撻 禮盒拜訪親友，桶餐加點甜蜜價只要$129！

＞#網路訂餐：http://goo.gl/vsbdTf

#聖誕快樂 #耶誕禮物 #MerryChristmas  #Xmas #ChristmasGift #肯德基 #伴手禮 #蛋撻",https://www.facebook.com/kfctaiwan/photos/a.329668497105719.76003.324273577645211/817607724978458/?type=3,https://www.facebook.com/kfctaiwan/posts/822438717828692:0,2014-12-25T02:45:01+0000,photo,Timeline Photos,324273577645211_817607724978458,6,227,NONE,227,false,false,ranked,3,false,,,,,,,,,,,,,,,,,,,,
"【#耶誕大餐 吃什麼？】
#肯德基 派對歡聚盒，一次擺平6張嘴，只要$749！
訂餐．訂餐．訂餐去！（因為太重要，所以說三次）ヾ(○゜▽゜○) (＠゜▽゜@)ノ
http://goo.gl/MQEwTP

#A咔派對雞 #FUN4享樂拼盤 #肯德基訂餐 #Xmas #Christmas #耶誕節",https://www.facebook.com/kfctaiwan/photos/a.329668497105719.76003.324273577645211/814844395254791/?type=3,https://www.facebook.com/kfctaiwan/posts/821712901234607:0,2014-12-24T02:00:01+0000,photo,Timeline Photos,324273577645211_814844395254791,8,245,NONE,245,false,false,ranked,3,false,,,,,,,,,,,,,,,,,,,,
"<3 <3 #聖誕節、#跨年 的續攤溫馨好去處：#肯德基！ <3 <3
為讓大家充分享受與親朋好友的歡聚時光，12/24 、12/31兩天部分餐廳將延長營業時間。
快找找鄰近你的餐廳營業到幾點！(＠゜▽゜@)ノ~~~
＞完整資訊：http://goo.gl/JLnSuK
＞查餐廳地址：http://goo.gl/daeyTv
＞搭配 #優惠券，多人歡聚也好省：http://goo.gl/GEsSCy

#Christmas #NewYear #聖誕節延長營業 #跨年延長營業",https://www.facebook.com/kfctaiwan/photos/a.329668497105719.76003.324273577645211/821330964606134/?type=3,https://www.facebook.com/kfctaiwan/posts/821337547938809,2014-12-23T11:06:02+0000,photo,Photos from KFC's post,324273577645211_821337547938809,2,120,NONE,120,false,false,ranked,1,false,,,,,,,,,,,,,,,,,,,,
"獨特醬汁搭配鮮嫩多汁的咔啦脆雞，酸酸甜甜的驚奇口感，讓人吮指回味、欲罷不能！
解FUN餐只要【＿＿元】，知道的粉絲請作答！
＞解FUN餐餐點內含：四塊 #A咔派對雞 + 四塊 #咔啦脆雞 + FUN 4享樂拼盤
＞馬上訂外送：http://goo.gl/3Bmu0K
＊圖片僅供參考，產品以實物為準。數量有限售完為止。限非早餐時段供應",http://goo.gl/3Bmu0K,https://www.facebook.com/kfctaiwan/posts/821281507944413,2014-12-23T09:16:51+0000,link,肯德基 A咔派對雞，解FUN的好滋味！,324273577645211_821281507944413,14,4060,NONE,4060,false,false,ranked,47,false,,,,,,,,,,,,,,,,,,,,
"週六補班補課怎麼嗨？放縱吃炸雞最嗨！
#肯德基「好食雞同樂餐」，給你最多香脆多汁的美味炸雞！
還有甜蜜蜜 #蛋撻 呦～ <3

外送專線：4128000(是你餓吧！鈴鈴鈴！)
#網路訂餐：http://goo.gl/TDgiHo （新加入會員獨享入會首購禮！）

#蛋塔 #預購優惠 #補班 #補課",https://www.facebook.com/kfctaiwan/photos/a.329668497105719.76003.324273577645211/821411994598031/?type=3,https://www.facebook.com/kfctaiwan/posts/821340177938546:3,2014-12-23T04:00:00+0000,photo,Timeline Photos,324273577645211_821411994598031,4,259,NONE,259,false,false,ranked,0,false,,,,,,,,,,,,,,,,,,,,
"舌尖上的驚奇，派對裡的亮點，給你解放好滋味！
4塊 #A咔派對雞 + 4塊 #咔啦脆雞 + #FUN4享樂拼盤，只要$499！
＞找最近的 #肯德基：http://goo.gl/SD2Wtf
＞ #網路訂餐 送到家：http://goo.gl/wFX6ks
＞搭配 #優惠券，好省！http://goo.gl/Zf0E2V",https://www.facebook.com/kfctaiwan/photos/a.329668497105719.76003.324273577645211/814721931933704/?type=3,https://www.facebook.com/kfctaiwan/posts/821129511292946:0,2014-12-23T03:08:00+0000,photo,Timeline Photos,324273577645211_814721931933704,5,217,NONE,217,false,false,ranked,0,false,,,,,,,,,,,,,,,,,,,,
"【肯德基也有 ""4G"" 】
爺爺也愛趕流行！即日起開放申辦 4 雞方案！？4雞！？
只要買全家餐或4份個人套餐，就可以用 $120 超值價買到 6 顆超好吃的 #蜜香烤蘋果蛋撻 喲！

＞立刻辦 #4G！啊不是，是立即點 #肯德基：http://goo.gl/qBxm4i （立即加入會員還享首購禮！）

#咔辣雞腿堡 #紐奧良烙烤雞腿堡 #墨西哥莎莎霸王捲 #乳酪起司雞腿堡 #蛋塔",https://www.facebook.com/kfctaiwan/photos/a.329668497105719.76003.324273577645211/817613171644580/?type=3,https://www.facebook.com/kfctaiwan/posts/820505211355376:0,2014-12-22T02:20:00+0000,photo,Timeline Photos,324273577645211_817613171644580,15,354,NONE,354,false,false,ranked,2,false,,,,,,,,,,,,,,,,,,,,
"【預購外帶／外送好禮三重送】
照過來照過來～想獲得　原味蛋撻禮盒＋上校雞塊分享盒、1.25L百事可樂、電話訂餐外送優惠券？這張趕快看詳細！
限期供應，搶 #好康 趁現在！

＞#網路訂餐：http://goo.gl/TUajMM （立即加入會員還享首購禮！）
＞電話訂餐　速撥：412-8000（手機撥打前面加02）",https://www.facebook.com/kfctaiwan/photos/a.329668497105719.76003.324273577645211/814153815323849/?type=3,https://www.facebook.com/kfctaiwan/posts/819597464779484:0,2014-12-21T02:40:01+0000,photo,Timeline Photos,324273577645211_814153815323849,,125,NONE,125,false,false,ranked,6,false,,,,,,,,,,,,,,,,,,,,
"大學生都 <3 #A咔派對雞，年末開趴就要這一味啦～
＞追流行，馬上訂來吃：http://goo.gl/Hl0e0U 
（新加入會員首購禮：加送一塊酸甜帶勁A咔派對雞！）

#大學生了沒 阿蹦 顏佑庭Yoshi 大學生了沒小隻 曾玄玄 Dora",http://www.ettoday.net/news/20141216/439590.htm,https://www.facebook.com/kfctaiwan/posts/817491434990087,2014-12-20T10:20:00+0000,link,肯德基推A咔派對雞　大學生搶吃大談開趴經驗,324273577645211_817491434990087,,120,NONE,120,false,false,ranked,0,false,498459303530807,陳允澤 - 阿蹦,page,94,2,110066899191611,顏佑庭Yoshi,page,97,8,236991373057287,小隻 周欣潔,page,106,7,624735830898112,曾玄玄 Sena,page,114,8
"＊阿呆與阿瓜，就在肯德基＊
周末放空歡樂新選擇！看「阿呆與阿瓜：賤招拆招」電影搭配 #A咔派對雞！
即日起到2015/01/05憑電影票票根，可以到 #肯德基 享用新品A咔派對雞第二套半價，兩份套餐只要 $218！

＞電影介紹：http://goo.gl/3KNXii
＞找最近的肯德基：http://goo.gl/htKhe4
＞了解更多好康：http://goo.gl/PpZp5Q",https://www.facebook.com/kfctaiwan/photos/a.329668497105719.76003.324273577645211/812632102142687/?type=3,https://www.facebook.com/kfctaiwan/posts/819062868166277:0,2014-12-20T03:00:00+0000,photo,Timeline Photos,324273577645211_812632102142687,5,197,NONE,197,false,false,ranked,0,false,,,,,,,,,,,,,,,,,,,,
"<3 <3 周五的小確幸 <3 <3
#蜜香烤蘋果蛋撻 無論獨享或分享，都能甜甜甜～～進心坎兒裡
搭配 #優惠券，吃甜甜還可以省$$～趕快分享出去！
＞看更多 #COUPON：http://goo.gl/BePXKU

#好康 #折價券 #蛋塔",https://www.facebook.com/kfctaiwan/photos/a.329668497105719.76003.324273577645211/817458214993409/?type=3,https://www.facebook.com/kfctaiwan/posts/818569801548917:0,2014-12-19T03:00:00+0000,photo,Timeline Photos,324273577645211_817458214993409,23,297,NONE,297,false,false,ranked,3,false,,,,,,,,,,,,,,,,,,,,
"【#肯德基訂餐．新會員首購有禮】
即日起到2015/01/26，凡新註冊肯德基網路訂餐會員，首購單筆金額>$450，免費加贈解FUN的好滋味 #A咔派對雞 一塊！限量供應，送完為止！
＞立即 #網路訂餐：http://goo.gl/SDvKez 
＞「阿呆與阿瓜就在 #肯德基」好康活動進行中！http://goo.gl/PpZp5Q",https://www.facebook.com/kfctaiwan/photos/a.329668497105719.76003.324273577645211/817621364977094/?type=3,https://www.facebook.com/kfctaiwan/posts/817980854941145:0,2014-12-18T02:25:00+0000,photo,Timeline Photos,324273577645211_817621364977094,5,146,NONE,146,false,false,ranked,0,false,,,,,,,,,,,,,,,,,,,,
"【酸甜蘋果丁．一口鍾情的好味道】
吃了飽飽一餐沒有甜點就不對勁哇！來顆 #蜜香烤蘋果蛋撻 吧！甜而不膩完美口感，大口咬下好滿足！d(=^･ω･^=)b

＞#網路訂餐 限定優惠：買桶餐加$109就有雙色蛋撻禮盒呦！http://goo.gl/QV4h1x

#蛋塔 #肯德基",https://www.facebook.com/kfctaiwan/photos/a.329668497105719.76003.324273577645211/806619682743929/?type=3,https://www.facebook.com/kfctaiwan/posts/817559324983298:0,2014-12-17T09:20:00+0000,photo,Timeline Photos,324273577645211_806619682743929,8,201,NONE,201,false,false,ranked,1,false,,,,,,,,,,,,,,,,,,,,
"獨特醬汁搭配鮮嫩多汁的咔啦脆雞，酸酸甜甜的驚奇口感，讓人吮指回味、欲罷不能！
嚐鮮餐只要【＿＿元】，知道的粉絲請作答！
＞餐點內含：一塊 #A咔派對雞 + 一塊 #咔啦脆雞 + 中可
＞馬上訂外送：http://goo.gl/DPR3H6
（小提醒：此圖並非兌換券，粉絲直接蒞臨餐廳點購A咔派對雞嚐鮮餐，立即享嚐鮮價$99）

＊圖片僅供參考，產品以實物為準。數量有限售完為止。限非早餐時段供應",http://goo.gl/DPR3H6,https://www.facebook.com/kfctaiwan/posts/817527041653193,2014-12-17T09:07:06+0000,link,A咔派對雞,324273577645211_817527041653193,32,4373,NONE,4373,false,false,ranked,253,false,,,,,,,,,,,,,,,,,,,,
"【肯德基《#麻辣代言人》挑戰多層次16連拍活動得獎名單公佈】
 
感謝你、妳和你的熱情參與，每張照片都非常麻辣帶勁！
 
恭喜以下超人氣得獎者，可分別獲得「KFC現金禮券1000元」乙份(以下為Facebook ID)
• Chi Han Chen
• Cherry Pop
• Kitty Juan
請各位得獎者在收到通知後，依照通知內容回覆獎品寄送聯絡資料，以便順利收到獎品喔！

肯德基《麻辣代言人》活動小組

#大紅袍麻辣紙包雞",https://www.facebook.com/kfctaiwan/photos/a.329668497105719.76003.324273577645211/817009981704899/?type=3,https://www.facebook.com/kfctaiwan/posts/817011178371446,2014-12-16T11:30:00+0000,photo,Photos from KFC's post,324273577645211_817011178371446,1,100,NONE,100,false,false,ranked,2,false,,,,,,,,,,,,,,,,,,,,
"【今日超限定！】
前120名新加入肯德基網路訂餐會員，首購滿額$450元，可立即獲得今年聖誕必看KUSO喜劇「阿呆與阿瓜：賤招拆招」電影兌換券乙張！先搶先贏，送完為止！
＞立即到肯德基 #網路訂餐，搶購 #A咔派對雞：http://goo.gl/0Iwg3j
＊肯德基將依據網路訂餐系統紀錄判定得獎資格，並於額滿後主動通知並寄送電影兌換券給得獎者。
＞「阿呆與阿瓜就在 #肯德基」好康活動進行中！http://goo.gl/PpZp5Q

#阿呆阿瓜賤招拆招 #今日限定 #贈票
華聯國際 ｜ 樂到家國際娛樂股份有限公司",https://www.facebook.com/kfctaiwan/photos/a.329668497105719.76003.324273577645211/812610392144858/?type=3,https://www.facebook.com/kfctaiwan/posts/816884448384119:0,2014-12-16T02:00:01+0000,photo,Timeline Photos,324273577645211_812610392144858,3,139,NONE,139,false,false,ranked,0,false,552736818171370,華聯國際,page,240,4,102495566531553,樂到家,page,247,13,,,,,,,,,,
"聚餐多到炸的年底，KFC特別推出《A咔派對雞》，以獨特醬汁搭配鮮嫩多汁的咔啦雞肉，酸酸甜甜的驚奇口感，給你解放的好滋味！同時推出 《FUN 4享樂拼盤》，有鮮甜味美的黃金魷魚球及蟹味棒、勁爆雞米花、大薯，豐富美味一次網羅～年末聚餐的最佳選擇！

＞『阿呆與阿瓜就在肯德基』活動限時開催中：http://goo.gl/PpZp5Q 
＞ #網路訂餐：http://goo.gl/dfbrGV

餐點組合：
＊《 #A咔派對雞》嚐鮮價：$99
＊《A咔派對雞》重量級XL套餐：$155
＊《A咔派對雞》解放餐：$499
＊《 #FUN4享樂拼盤》單點：$299",https://www.facebook.com/kfctaiwan/photos/a.327640700641832.75606.324273577645211/816848651721032/?type=3,https://www.facebook.com/kfctaiwan/posts/816848698387694,2014-12-16T00:54:15+0000,photo,KFC's cover photo,324273577645211_816848651721032,4,172,NONE,172,false,false,ranked,5,false,,,,,,,,,,,,,,,,,,,,
"Monday如何不Blue？
呼朋引伴大啖美食就對啦！
快告訴團長，你最愛哪套餐？

＞#網路訂餐：http://goo.gl/MvSTLL 
＞電話訂餐　速撥：412-8000（手機撥打前面加02）",https://www.facebook.com/kfctaiwan/photos/a.329668497105719.76003.324273577645211/814157468656817/?type=3,https://www.facebook.com/kfctaiwan/posts/816304401775457:0,2014-12-15T02:02:00+0000,photo,Timeline Photos,324273577645211_814157468656817,24,357,NONE,357,false,false,ranked,7,false,,,,,,,,,,,,,,,,,,,,
"【熱情徵才－新店光明餐廳】召募全時段計時服務員！歡迎活潑外向、具有服務熱忱的你(妳)加入！

＞工作內容：依標準程序製作餐點、服務顧客、維護用餐環境清潔
＞工作時間：早班_08:00-17:00／中班_11:00-20:00／晚班_17:00-24:00／打烊班_22:00-00:30
＞待遇：時薪NT$115／小時

＞職缺詳情：http://goo.gl/Bkt1W7
＞所有職缺：http://goo.gl/6WBYGq

歡迎上班族、在校生、二度就業人才及社會新鮮人應徵。",https://www.facebook.com/kfctaiwan/photos/a.329668497105719.76003.324273577645211/813049755434255/?type=3,https://www.facebook.com/kfctaiwan/posts/815773168495247:0,2014-12-14T03:50:01+0000,photo,Timeline Photos,324273577645211_813049755434255,3,209,NONE,209,false,false,ranked,1,false,,,,,,,,,,,,,,,,,,,,
"【只剩３天！！】(ﾟДﾟ)
還沒吃到網路討論度超高的 #大紅袍麻辣紙包雞 ？
快把握最後機會，別讓好朋友笑你落伍～只供應到12/15喔～
＊嚐鮮價：$99
＊重量級XL套餐：$165
＊八塊雙拼餐：$399

＞找最近的肯德基：http://goo.gl/tgZBvv
＞#網路訂餐：http://goo.gl/35FSZV

#肯德基 #紙包雞",https://www.facebook.com/kfctaiwan/photos/a.329668497105719.76003.324273577645211/814135418659022/?type=3,https://www.facebook.com/kfctaiwan/posts/815187425220488:0,2014-12-13T03:20:01+0000,photo,Timeline Photos,324273577645211_814135418659022,,123,NONE,123,false,false,ranked,4,false,,,,,,,,,,,,,,,,,,,,
"今年底最歡樂的雙重好康來了！快「參加」看詳情：http://goo.gl/PpZp5Q 
《好康一》12/16起憑「阿呆與阿瓜：賤招拆招」電影票根到全台肯德基門市，立即享有「A咔派對雞套餐」第二套半價優惠！

《好康二》12/16起新加入肯德基網路訂餐會員，首次訂餐超過$450，前120名可立即獲得「阿呆與阿瓜：賤招拆招」電影兌換券！

#阿呆與阿瓜賤招拆招｜ 華聯國際 ｜ 樂到家國際娛樂股份有限公司",https://www.facebook.com/events/1521906031413198/,https://www.facebook.com/kfctaiwan/posts/814732171932680,2014-12-12T03:37:53+0000,event,看阿呆與阿瓜電影、吃肯德基A咔派對雞,324273577645211_814732171932680,,104,NONE,104,false,false,ranked,5,false,552736818171370,華聯國際,page,183,4,102495566531553,樂到家,page,190,13,,,,,,,,,,
"如果這些嚐鮮券瞬間變成一大堆香噴噴、熱呼呼的 #蜜香烤蘋果蛋撻，有多好啊～(扭)
別等了，現在就去買！

＞找最近的 #肯德基：http://goo.gl/K3v5gu

 #蛋塔",https://www.facebook.com/kfctaiwan/photos/a.329668497105719.76003.324273577645211/809424669130097/?type=3,https://www.facebook.com/kfctaiwan/posts/814268295312401:0,2014-12-11T09:09:01+0000,photo,Timeline Photos,324273577645211_809424669130097,12,337,NONE,337,false,false,ranked,4,false,,,,,,,,,,,,,,,,,,,,
"烤的好？炸的好？
能讓人吮指回味的，都好！
發現好康優惠立即分享，最好！快快轉出去～～

＞給我更多 #優惠券：http://goo.gl/U9fKdx
（印出或手機出示優惠券圖片都能兌換）
#Coupon #好康 #折價券",https://www.facebook.com/kfctaiwan/photos/a.329668497105719.76003.324273577645211/809449495794281/?type=3,https://www.facebook.com/kfctaiwan/posts/813651422040755:0,2014-12-10T03:23:00+0000,photo,Timeline Photos,324273577645211_809449495794281,34,328,NONE,328,false,false,ranked,5,false,,,,,,,,,,,,,,,,,,,,
"【肯德基送你最新蘋果6…顆蛋撻】
什麼最in！？送蘋果6…顆蛋撻最in！
還可升級 ""6 PLUS""：買蛋撻禮盒+$20銅板價就多 1 顆 #蜜香烤蘋果蛋撻 ！

＞立即網路點餐！http://goo.gl/FxDMXw
＞更多推薦餐點：http://goo.gl/fCdJN5

#蛋塔 #限量贈品 #肯德基",https://www.facebook.com/kfctaiwan/photos/a.329668497105719.76003.324273577645211/807068676032363/?type=3,https://www.facebook.com/kfctaiwan/posts/812661008806463:0,2014-12-08T10:28:01+0000,photo,Timeline Photos,324273577645211_807068676032363,22,415,NONE,415,false,false,ranked,0,false,,,,,,,,,,,,,,,,,,,,
"恭喜蘇文聖成為第二波大紅袍麻辣紙包雞 #麻辣代言人！
請各位務必拿起放大鏡仔細端詳他那生動、激烈的表情！
到底多激烈？得獎者表示「因為太激烈，事後發現他把自己的T-Shirt扯壞了...」

溫馨小提醒：天氣冷，各位品嘗麻辣紙包雞時，請勿過度撕扯身上衣物唷！^.<

1000元現金券還在贈送中，活動將於今日(12/8)23:59結束！
＞把握最後幾個小時，秀出你的16連拍：http://www.fever38.com/promo-kfctaiwan-93273
＞立即 #網路訂餐：http://goo.gl/ln2G13",https://www.facebook.com/kfctaiwan/photos/a.329668497105719.76003.324273577645211/810893862316511/?type=3,https://www.facebook.com/kfctaiwan/posts/812649998807564:0,2014-12-08T10:00:01+0000,photo,Timeline Photos,324273577645211_810893862316511,3,165,NONE,165,false,false,ranked,0,false,,,,,,,,,,,,,,,,,,,,
"親愛的，我要送你蘋果6...顆！
～#蜜香烤蘋果蛋撻 廣告搶先看～
看完就餓了？走！出發吃好料啦！ (＠゜▽゜@)ノ

＞尋找最近的肯德基：http://goo.gl/8y2cqs

#肯德基．美味你我關係",https://www.facebook.com/kfctaiwan/videos/810990728973491/,https://www.facebook.com/kfctaiwan/videos/810990728973491/,2014-12-07T03:20:00+0000,video,,324273577645211_810990728973491,7,206,NONE,206,false,false,ranked,1,false,,,,,,,,,,,,,,,,,,,,
"Are you ready?

＞#網路訂餐：http://goo.gl/zrUpI5

#Xmas #Christmas #肯德基",https://www.facebook.com/kfctaiwan/photos/a.329668497105719.76003.324273577645211/801973689875195/?type=3,https://www.facebook.com/kfctaiwan/posts/811492212256676:0,2014-12-06T03:00:01+0000,photo,Timeline Photos,324273577645211_801973689875195,4,305,NONE,305,false,false,ranked,0,false,,,,,,,,,,,,,,,,,,,,
"WOW！蜜汁烙烤雞腿排、美味炸雞、薯條、蛋撻、可樂這～～麼澎湃只要$499！！！
 #肯德基 #優惠券 就這麼殺，就這麼省！
＊給我所有 #COUPON：http://goo.gl/HFeL6J
（印出或手機出示圖片都能兌換）

ED-74 此券限外送使用，且只適用電話訂餐(412-8000)，恕不適用網路訂餐
＊此券餐點包含：4塊 #蜜汁烙烤雞腿排 +4塊炸雞+2包小薯+2顆原味蛋撻+4杯小可
＊其他注意事項：
1.限非早餐時段，不得與其他優惠活動或優惠券併用
2.使用前請先告之點餐人員優惠券編號
3..圖片僅供參考，產品以餐廳實際供應為準，肯德基保有修改優惠的權利；部分餐廳恕不供應此餐點
4.飲料不可更換；炸雞不可指定部位，可選金黃薄脆雞或咔啦脆雞；蜜汁烙烤雞腿排恕不可更換",https://www.facebook.com/kfctaiwan/photos/a.329668497105719.76003.324273577645211/810904762315421/?type=3,https://www.facebook.com/kfctaiwan/posts/810919645647266:0,2014-12-05T03:30:01+0000,photo,Timeline Photos,324273577645211_810904762315421,109,2663,NONE,2663,false,false,ranked,64,false,,,,,,,,,,,,,,,,,,,,
"這年頭，吃早餐都這麼划算der~
#肯德基早餐 優惠不藏私，一人份早餐$50以內就搞定！
還不趕快把 #COUPON 轉分享出去？

＞更多 #優惠券 看這裡：http://goo.gl/PFHB8T （印出或手機出示圖片都能兌換喔！）",https://www.facebook.com/kfctaiwan/photos/a.329668497105719.76003.324273577645211/807000569372507/?type=3,https://www.facebook.com/kfctaiwan/posts/810850388987525:0,2014-12-05T00:30:00+0000,photo,Timeline Photos,324273577645211_807000569372507,58,392,NONE,392,false,false,ranked,2,false,,,,,,,,,,,,,,,,,,,,
"考考你：1000元能買幾份 #大紅袍麻辣紙包雞？
趕快參加 #麻辣代言人 網路海選，你可能就是【千元現金禮券】的超人氣得獎者！1000元就能買好多好多麻辣紙包雞來吃喔～～
＞網路參賽：http://www.fever38.com/promo-kfctaiwan-93273
＞馬上訂餐，親自體驗香、麻、辣：http://goo.gl/EwunTG

#肯德基 #16連拍",https://www.facebook.com/kfctaiwan/photos/a.329668497105719.76003.324273577645211/809980019074562/?type=3,https://www.facebook.com/kfctaiwan/posts/810514569021107:0,2014-12-04T09:30:00+0000,photo,Timeline Photos,324273577645211_809980019074562,3,143,NONE,143,false,false,ranked,3,false,,,,,,,,,,,,,,,,,,,,
"#肯德基 全國優惠券，歡樂駕到～ <3
無論是聖誕、跨年、辦趴踢，歡聚時刻的首選就是肯德基！
馬上下載 #優惠券，輕鬆選、開心吃大餐：http://goo.gl/KMxjIo
（手機出示 #折價券 圖片也能兌換喔～）
#COUPON #好康",https://www.facebook.com/kfctaiwan/photos/a.329668497105719.76003.324273577645211/806997492706148/?type=3,https://www.facebook.com/kfctaiwan/posts/809842745754956:0,2014-12-03T03:30:01+0000,photo,Timeline Photos,324273577645211_806997492706148,37,445,NONE,445,false,false,ranked,6,false,,,,,,,,,,,,,,,,,,,,
"搭啦～ #蜜香烤蘋果蛋撻 甜滋滋現身！ヽ(✿ﾟ▽ﾟ)ノ
憑券買蜜香烤蘋果蛋撻2顆只要$49，趕快印出來！趕快存起來！趕快．．．趕快衝去嚐鮮啦～～～

#優惠券 #蛋塔 #肯德基",https://www.facebook.com/kfctaiwan/photos/a.329668497105719.76003.324273577645211/807057459366818/?type=3,https://www.facebook.com/kfctaiwan/posts/809303045808926:0,2014-12-02T02:40:00+0000,photo,Timeline Photos,324273577645211_807057459366818,104,848,NONE,848,false,false,ranked,25,false,,,,,,,,,,,,,,,,,,,,
"萬眾期待的 #肯德基 經典新口味蛋撻即將甜蜜上市～
猜猜看！是什麼口味？

#蛋塔",https://www.facebook.com/kfctaiwan/photos/a.329668497105719.76003.324273577645211/807057279366836/?type=3,https://www.facebook.com/kfctaiwan/posts/808781945861036:0,2014-12-01T03:57:39+0000,photo,Timeline Photos,324273577645211_807057279366836,2,357,NONE,357,false,false,ranked,32,false,,,,,,,,,,,,,,,,,,,,
"【熱情徵才－台中後車站餐廳】召募計時服務員，歡迎活潑外向、具有服務熱忱的你(妳)加入！
＞工作內容：依標準程序製作餐點、服務顧客、維護用餐環境清潔
＞工作時間：晚班: 17:00-24:00／打烊班: 22:00-00:30
＞待遇：時薪NT$115/小時

＞職缺詳情：http://goo.gl/SROazW
＞所有職缺：http://goo.gl/6WBYGq

台中生活通 大台中生活圈",https://www.facebook.com/kfctaiwan/photos/a.329668497105719.76003.324273577645211/806036492802248/?type=3,https://www.facebook.com/kfctaiwan/posts/806966746042556:0,2014-11-28T02:00:00+0000,photo,Timeline Photos,324273577645211_806036492802248,2,278,NONE,278,false,false,ranked,0,false,304941100184,大台中生活圈,page,191,6,,,,,,,,,,,,,,,
"月底口袋快空空了？
快用 #肯德基 #優惠券 輕鬆省、聰明吃！
#咔啦雞腿堡 + 炸雞 + 小可只要$109，有夠划算～～(♥´▽`♥)

＞更多 #Coupon：http://goo.gl/jg6d0P",https://www.facebook.com/kfctaiwan/photos/a.329668497105719.76003.324273577645211/803219243083973/?type=3,https://www.facebook.com/kfctaiwan/posts/806469596092271:0,2014-11-27T02:00:01+0000,photo,Timeline Photos,324273577645211_803219243083973,41,448,NONE,448,false,false,ranked,13,false,,,,,,,,,,,,,,,,,,,,
"#麻辣代言人 
最後一波巡迴海選，高雄站圓滿結束！
還玩不夠? 還沒挑戰到，想試試看?

沒關係，還有網路版海選，歡迎上網挑戰：
http://www.fever38.com/promo-kfctaiwan-93273",https://www.facebook.com/kfctaiwan/photos/a.806134846125746.1073741834.324273577645211/806137616125469/?type=3,https://www.facebook.com/kfctaiwan/posts/806141592791738,2014-11-26T12:43:51+0000,photo,麻辣代言人 拍貼機巡迴第四站-高雄站前,324273577645211_806137616125469,,6,NONE,6,false,false,ranked,0,false,,,,,,,,,,,,,,,,,,,,
"團長超私藏．KFC x Duncan Design獨家合作的五支迴紋針有新家了～
恭喜參加分享活動的以下得獎者！
OrTis Chen、蔡耀瑩、Candy Chen、潘怡蓉、董小娟！（掌聲～）
記得要回覆團長的私訊來領獎喔！^^

＞想吃 #大紅袍麻辣紙包雞：http://goo.gl/xvWvQb
＞參加 #麻辣代言人 16連拍：http://www.fever38.com/promo-kfctaiwan-93273",https://www.facebook.com/kfctaiwan/photos/a.329668497105719.76003.324273577645211/805905416148689/?type=3,https://www.facebook.com/kfctaiwan/posts/805907719481792:0,2014-11-26T01:58:04+0000,photo,Timeline Photos,324273577645211_805905416148689,1,230,NONE,230,false,false,ranked,7,false,544241848968882,Duncan,page,12,13,,,,,,,,,,,,,,,
"WHOA! 原來 小環妞幸福足跡 也吃了 #大紅袍麻辣紙包雞！
而且她還說了... 「超激推！」
「這是今年冬天一定要吃到的食物喔!!!」
羞～( ^ω^)

＞趕快趕快，晚餐就要這一味：http://goo.gl/D58jUw",http://wkitty.pixnet.net/blog/post/32975836,https://www.facebook.com/kfctaiwan/posts/804944402911457,2014-11-24T11:16:22+0000,link,【熱門美食】肯德基大紅袍麻辣紙包雞，辣中帶麻又入味，冬天必吃美食！ @ ★小環妞♥♡幸福足跡★ :: 痞客邦 PIXNET ::,324273577645211_804944402911457,,105,NONE,105,false,false,ranked,0,false,209382915795840,小環妞幸福足跡,page,9,7,,,,,,,,,,,,,,,
"聽說超搶手的 KFC x Duncan Design 迴紋針快換完了？
團長幫你A好康！
11/25(二)上午11:59前，公開分享此貼文到自己的塗鴉牆上並留言：「我愛肯德基大紅袍麻辣紙包雞，快跟我一起搶當 #麻辣代言人：http://www.fever38.com/promo-kfctaiwan-93273」就有機會把團長私藏的五支迴紋針之一帶回家！只有這次，錯過可惜！

＞馬上訂來吃：http://goo.gl/zKb7kn

＊活動注意事項：
1.五位幸運得主11/26於粉絲頁公佈
2.分享於活動期間必須設為「公開」，否則喪失獲獎資格
3.嚴禁使用假帳號或惡意程式騙取獲獎資格，肯德基對活動進行方式、辦法、得獎資格保有完整解釋權",https://www.facebook.com/kfctaiwan/photos/a.329668497105719.76003.324273577645211/801962306543000/?type=3,https://www.facebook.com/kfctaiwan/posts/804348369637727:0,2014-11-23T10:30:00+0000,photo,Timeline Photos,324273577645211_801962306543000,46,201,NONE,201,false,false,ranked,46,false,544241848968882,Duncan,page,13,13,,,,,,,,,,,,,,,
"我準備好收看第51屆 #金馬獎 頒獎典禮了！你呢？
就讓 #蜜汁烙烤雞腿 烤炸雙享餐陪我們度過星光燦爛的這一夜！
＞#網路訂餐：http://goo.gl/x1QSOT
＞金馬獎官方網站：http://goo.gl/x1QSOT

#goldenhorse #肯德基",https://www.facebook.com/kfctaiwan/photos/a.329668497105719.76003.324273577645211/802665743139323/?type=3,https://www.facebook.com/kfctaiwan/posts/803788009693763:0,2014-11-22T10:00:00+0000,photo,Timeline Photos,324273577645211_802665743139323,2,240,NONE,240,false,false,ranked,2,false,,,,,,,,,,,,,,,,,,,,
"台北捷運 #松山線 開通，你搭過了沒？
走！放假就來個捷運輕旅行 X #肯德基 好料之旅！

＞找肯德基：http://goo.gl/qQ8i84
＞通車優惠：http://goo.gl/9CrvNQ
＞#台北捷運 全線圖：http://goo.gl/HzUfs5",https://www.facebook.com/kfctaiwan/photos/a.329668497105719.76003.324273577645211/803305009742063/?type=3,https://www.facebook.com/kfctaiwan/posts/803649479707616:0,2014-11-22T02:20:00+0000,photo,Timeline Photos,324273577645211_803305009742063,1,146,NONE,146,false,false,ranked,2,false,,,,,,,,,,,,,,,,,,,,
"麻辣十六連拍最後倒數，巡迴海選最後一站：高雄！
熱情港都的捧由們，還不快站出來，把 #麻辣代言人 寶座留在高雄？
11/22(六)、11/23(日) 11am - 8pm #肯德基 高雄站前餐廳(高雄市三民區建國三路23號)
我們不．見．不．散！

＞馬上挑戰：http://www.fever38.com/promo-kfctaiwan-93273

#大紅袍麻辣紙包雞 #16連拍",https://www.facebook.com/kfctaiwan/photos/a.329668497105719.76003.324273577645211/803199923085905/?type=3,https://www.facebook.com/kfctaiwan/posts/803372869735277:0,2014-11-21T14:00:02+0000,photo,Timeline Photos,324273577645211_803199923085905,,97,NONE,97,false,false,ranked,0,false,,,,,,,,,,,,,,,,,,,,
"#麻辣代言人 
認為自己不輸他們，更能表現16種香麻辣表情?
最後一波巡迴海選，就在高雄！ 等你來挑戰！

11/22(六)、11/23(日) 11am - 8pm 《高雄》肯德基高雄站前餐廳",https://www.facebook.com/kfctaiwan/photos/a.802684676470763.1073741833.324273577645211/802685033137394/?type=3,https://www.facebook.com/kfctaiwan/posts/802691799803384,2014-11-20T11:25:43+0000,photo,麻辣代言人 拍貼機巡迴第三站-新竹大同,324273577645211_802685033137394,,7,NONE,7,false,false,ranked,0,false,,,,,,,,,,,,,,,,,,,,
"誰最能表現16種香麻辣表情！？
是她！恭喜EMA成為第1波 #麻辣代言人！*✲ﾟ*｡✧٩(●˙▽˙●)۶*✲ﾟ*｡✧
最後一波現場海選，等你來挑戰！

＞現場參賽：11/22(六)、11/23(日) 11am - 8pm 肯德基高雄站前餐廳（高雄市三民區建國三路23號）
＞網路參加：http://www.fever38.com/promo-kfctaiwan-93273

#大紅袍麻辣紙包雞 #肯德基 #16連拍",https://www.facebook.com/kfctaiwan/photos/a.329668497105719.76003.324273577645211/801989529873611/?type=3,https://www.facebook.com/kfctaiwan/posts/802141719858392:0,2014-11-19T13:30:00+0000,photo,Timeline Photos,324273577645211_801989529873611,,119,NONE,119,false,false,ranked,2,false,,,,,,,,,,,,,,,,,,,,
"小週末．寵愛自己一下！
馬上撥打好料專線4128-000(手機撥打記得先加02)，報上優惠密語 ED-70，香噴噴的 #蜜汁烙烤雞腿、#咔啦雞腿堡 和澎湃好料直接外送到你面前！

想吃的粉絲請喊「快給我烙烤雞！」

＞其他 #優惠券：http://goo.gl/Zxipyp

#肯德基外送",https://www.facebook.com/kfctaiwan/photos/a.329668497105719.76003.324273577645211/801493163256581/?type=3,https://www.facebook.com/kfctaiwan/posts/801942203211677:0,2014-11-19T03:00:00+0000,photo,Timeline Photos,324273577645211_801493163256581,12,325,NONE,325,false,false,ranked,1,false,,,,,,,,,,,,,,,,,,,,
"什麼讓他們那～～麼驚豔？
是 #大紅袍麻辣紙包雞 香、麻、辣的好滋味！
搭配 #優惠券 $299立即享好康，馬上轉分享！
（手機出示優惠券照片也能換呦～）

＞更多 #coupon：http://goo.gl/TdK2bQ
＞搶當 #麻辣代言人：http://www.fever38.com/promo-kfctaiwan-93273",https://www.facebook.com/kfctaiwan/photos/a.329668497105719.76003.324273577645211/798950343510863/?type=3,https://www.facebook.com/kfctaiwan/posts/801432973262600:0,2014-11-18T03:00:01+0000,photo,Timeline Photos,324273577645211_798950343510863,5,173,NONE,173,false,false,ranked,1,false,,,,,,,,,,,,,,,,,,,,
"【填問卷，送 #咔啦脆雞！】
只要憑在肯德基消費發票上的調查序號，在消費後三天內上網填答5分鐘問卷，就可於下次購買桶/套餐時免費獲得咔啦脆雞一塊！
＞＞發票找出來，馬上 #填問卷： http://goo.gl/RDoUQw

#肯德基以客為尊為客瘋狂 #survey",https://www.facebook.com/kfctaiwan/photos/a.329668497105719.76003.324273577645211/789399174465980/?type=3,https://www.facebook.com/kfctaiwan/posts/801134976625733:0,2014-11-17T13:45:00+0000,photo,Timeline Photos,324273577645211_789399174465980,8,239,NONE,239,false,false,ranked,5,false,,,,,,,,,,,,,,,,,,,,
"狀態顯示為：好餓....
謝謝Yuki's Life超美味的試吃分享！

＞立即訂餐：http://goo.gl/WuGGg0",http://yukiblog.tw/read-3388.html,https://www.facebook.com/kfctaiwan/posts/800914119981152,2014-11-17T04:15:01+0000,link,新品上市【肯德基大紅袍麻辣紙包雞】秋冬限定16種多層次香麻辣感~現場吃&買回家一樣好吃! - Yuki's Life,324273577645211_800914119981152,4,190,NONE,190,false,false,ranked,2,false,208877985792966,Yuki's Life,page,15,11,,,,,,,,,,,,,,,
"什麼車這～麼拉風？
原來是 #肯德基 專送熱呼呼美味的外送喔都拜啦～
考考眼尖的粉絲：想吃美味炸雞時要搜尋「＿＿＿＿＿」？
請．搶．答！

＞現在就訂：http://goo.gl/i9VE45",https://www.facebook.com/kfctaiwan/photos/a.329668497105719.76003.324273577645211/798999046839326/?type=3,https://www.facebook.com/kfctaiwan/posts/800488636690367:0,2014-11-16T10:50:01+0000,photo,Timeline Photos,324273577645211_798999046839326,2,231,NONE,231,false,false,ranked,18,false,,,,,,,,,,,,,,,,,,,,
"討論度破表的 #大紅袍麻辣紙包雞 你吃了沒？
網友瘋傳的 #麻辣代言人 活動你參加了沒？
都還沒？看影片、轉分享、然後趕快行動啦～～～

＞＞馬上點餐：http://goo.gl/2ybiHR
＞＞參加活動：http://www.fever38.com/promo-kfctaiwan-93273",http://youtu.be/mCZm58wit1c,https://www.facebook.com/kfctaiwan/posts/789540721118492,2014-11-15T11:30:01+0000,video,肯德基大紅袍麻辣紙包雞-尋找麻辣代言人16連拍篇,324273577645211_789540721118492,,71,NONE,71,false,false,ranked,0,false,,,,,,,,,,,,,,,,,,,,
"【16連拍，到底怎麼拍？】
第一：請先　用心品嘗　#麻辣紙包雞。
第二：咀嚼的同時閉上眼睛，細細品味，感受16種辛香料在嘴中引爆。
第三：引爆的瞬間，全～身～放～鬆～，任由味蕾神經帶動臉部肌肉。
如此一來，你就可達成 #16連拍 的境界。
＞週末親臨現場挑戰去！11/15(六)、11/16(日) 11am - 8pm 肯德基新竹大同餐廳 （新竹市北區大同路1.3.5號）
＞馬上挑戰 #麻辣代言人：http://www.fever38.com/promo-kfctaiwan-93273",https://www.facebook.com/kfctaiwan/photos/a.329668497105719.76003.324273577645211/797727553633142/?type=3,https://www.facebook.com/kfctaiwan/posts/799382856800945:0,2014-11-14T03:30:01+0000,photo,Timeline Photos,324273577645211_797727553633142,,98,NONE,98,false,false,ranked,4,false,,,,,,,,,,,,,,,,,,,,
"冷嗎？累嗎？一起加油～～（拍拍）
#肯德基．一直陪著你和妳！ <3 <3

兩顆 #蛋撻 只要$49，優惠券＞＞http://goo.gl/wLkv8b",https://www.facebook.com/kfctaiwan/photos/a.329668497105719.76003.324273577645211/798885756850655/?type=3,https://www.facebook.com/kfctaiwan/posts/798964326842798:0,2014-11-13T08:20:00+0000,photo,Timeline Photos,324273577645211_798885756850655,3,220,NONE,220,false,false,ranked,0,false,,,,,,,,,,,,,,,,,,,,
"一個人的午餐，百元以內輕鬆搞定！你想吃哪樣？
（手機出示優惠券就可以兌換，趕快分享～）
＞看全部 #優惠券：http://goo.gl/H7cVBM

#肯德基 #coupon",https://www.facebook.com/kfctaiwan/photos/a.329668497105719.76003.324273577645211/794797370592827/?type=3,https://www.facebook.com/kfctaiwan/posts/798884760184088:0,2014-11-13T03:00:00+0000,photo,Timeline Photos,324273577645211_794797370592827,36,336,NONE,336,false,false,ranked,6,false,,,,,,,,,,,,,,,,,,,,
"天氣涼颼颼，想填滿小肚肚的渴望就更～強烈啦！
快揪好同學、好同事一起吃好料～
親愛的粉絲們，你想點哪樣？

＞更多外送餐點：http://goo.gl/2Sbu9W
＞#網路訂餐 GO!：http://goo.gl/sSnQtC

#肯德基 #外送 #肯德基訂餐",https://www.facebook.com/kfctaiwan/photos/a.329668497105719.76003.324273577645211/794745717264659/?type=3,https://www.facebook.com/kfctaiwan/posts/798284333577464:0,2014-11-12T03:00:00+0000,photo,Timeline Photos,324273577645211_794745717264659,1,236,NONE,236,false,false,ranked,2,false,,,,,,,,,,,,,,,,,,,,
"#麻辣代言人 
香麻辣16層次口感，輕鬆拍出16層次的你
不相信嗎? 歡迎來新竹與高雄試試，
讓你一試上癮，發現16個不一樣的你！

11/15(六)、11/16(日) 11am - 8pm 《新竹》肯德基新竹大同餐廳 
11/22(六)、11/23(日) 11am - 8pm 《高雄》肯德基高雄站前餐廳",https://www.facebook.com/kfctaiwan/photos/a.797899663615931.1073741831.324273577645211/797900833615814/?type=3,https://www.facebook.com/kfctaiwan/posts/797911263614771,2014-11-11T11:59:34+0000,photo,麻辣代言人 拍貼機巡迴第二站-公館,324273577645211_797900833615814,,9,NONE,9,false,false,ranked,0,false,,,,,,,,,,,,,,,,,,,,
"ㄟㄟ，麻辣帶勁的 #大紅袍麻辣紙包雞 你吃了沒？
ㄟㄟ，KFC x Duncan Design的超限定迴紋針你搶到沒？
再等，就沒啦！

＞上網訂餐：http://goo.gl/oSazQK
＞搶當 #麻辣代言人：http://www.fever38.com/promo-kfctaiwan-93273",https://www.facebook.com/kfctaiwan/photos/a.329668497105719.76003.324273577645211/794733937265837/?type=3,https://www.facebook.com/kfctaiwan/posts/797713286967902:0,2014-11-11T02:00:00+0000,photo,Timeline Photos,324273577645211_794733937265837,3,218,NONE,218,false,false,ranked,3,false,544241848968882,Duncan,page,34,13,,,,,,,,,,,,,,,
"Good Morning! 嶄新的一週，用 #起司薯餅蛋烤餅 揭開序幕吧～
早餐套餐～$49
洋溢的幸福感～無價！

＞看更多早餐菜單：http://goo.gl/OxWzhN
＞找鄰近的餐廳：http://goo.gl/fwbe3W

#肯德基早餐 #breakfast",https://www.facebook.com/kfctaiwan/photos/a.329668497105719.76003.324273577645211/794736593932238/?type=3,https://www.facebook.com/kfctaiwan/posts/797094753696422:0,2014-11-10T00:00:01+0000,photo,Timeline Photos,324273577645211_794736593932238,1,198,NONE,198,false,false,ranked,1,false,,,,,,,,,,,,,,,,,,,,
"#麻辣代言人 熱情招募中！
原來麻辣拍貼機本人這麼霸氣！
快來公館台大肯德基找我們玩！可以試吃 #大紅袍麻辣紙包雞 ，又能賺免費 #蛋撻券 喔！

＞現場16連拍：2014/11/08(六)、11/09(日) 11am - 8pm 《台北》肯德基公館台大餐廳 
＞網路參賽：http://www.fever38.com/promo-kfctaiwan-93273",https://www.facebook.com/kfctaiwan/photos/a.795840940488470.1073741830.324273577645211/795840927155138/?type=3,https://www.facebook.com/kfctaiwan/posts/795840947155136:0,2014-11-08T07:47:50+0000,photo,Mobile Uploads,324273577645211_795840927155138,1,170,NONE,170,false,false,ranked,0,false,,,,,,,,,,,,,,,,,,,,
"人氣爆棚的【 #麻辣代言人 徵選】拍貼機巡迴第二站本周末現身 臺大公館商圈！
現場挑戰16連拍，直接印出屬於你的香麻辣16種表情，還有機會賺到免費 #蛋撻券！再等　就落伍啦！
＞活動場次：
2014/11/08(六)、11/09(日) 11am - 8pm 《台北》肯德基公館台大餐廳 
2014/11/15(六)、11/16(日) 11am - 8pm 《新竹》肯德基新竹大同餐廳 
2014/11/22(六)、11/23(日) 11am - 8pm 《高雄》肯德基高雄站前餐廳

＞網路參加：http://www.fever38.com/promo-kfctaiwan-93273
#肯德基 #限時優惠 #限量 #公館 臺大公館商圈",https://www.facebook.com/kfctaiwan/photos/a.329668497105719.76003.324273577645211/790762730996291/?type=3,https://www.facebook.com/kfctaiwan/posts/794840653921832:0,2014-11-07T03:40:00+0000,photo,Timeline Photos,324273577645211_790762730996291,,103,NONE,103,false,false,ranked,1,false,132877553441427,臺大公館商圈,page,31,6,,,,,,,,,,,,,,,
"中午時間來點輕鬆的～
覺得 大陰盜百貨 太有才的，請舉手！

＞網路訂餐：http://goo.gl/GvwZhx

#紙包雞 #大紅袍麻辣紙包雞",https://www.facebook.com/QiaohuTIGER/photos/a.472551212818942.1073741828.472537659486964/735058749901519/?type=3,https://www.facebook.com/kfctaiwan/posts/794232560649308,2014-11-06T04:32:24+0000,photo,大陰盜百貨,324273577645211_794232560649308,,211,NONE,211,false,false,ranked,3,false,472537659486964,大陰盜百貨,page,14,5,,,,,,,,,,,,,,,
"他們怎麼表情拿～～麼多？
因為 #大紅袍麻辣紙包雞 口味層次太豐富啦～
這些不夠看？換你搶當 #麻辣代言人：http://www.fever38.com/promo-kfctaiwan-93273

＞趕快點來吃吃看：http://goo.gl/euF5s1

#紙包雞 #肯德基 #16連拍",https://www.facebook.com/kfctaiwan/photos/a.329668497105719.76003.324273577645211/793626154043282/?type=3,https://www.facebook.com/kfctaiwan/posts/793813210691243:0,2014-11-05T12:00:01+0000,photo,Timeline Photos,324273577645211_793626154043282,1,109,NONE,109,false,false,ranked,1,false,,,,,,,,,,,,,,,,,,,,
"#麻辣代言人 瘋狂16連拍，轟動西門町！
看來大家真的被香麻辣的紙包雞激發出無限潛力呀！
你也技癢了嗎？千萬別錯過以下場次！

11/08(六)、11/09(日) 11am - 8pm 《台北》肯德基公館台大餐廳 
11/15(六)、11/16(日) 11am - 8pm 《新竹》肯德基新竹大同餐廳 
11/22(六)、11/23(日) 11am - 8pm 《高雄》肯德基高雄站前餐廳",https://www.facebook.com/kfctaiwan/photos/a.793729360699628.1073741828.324273577645211/793731744032723/?type=3,https://www.facebook.com/kfctaiwan/posts/793737220698842,2014-11-05T07:50:06+0000,photo,麻辣代言人 拍貼機巡迴第一站-西門町,324273577645211_793731744032723,3,1,NONE,1,false,false,ranked,0,false,,,,,,,,,,,,,,,,,,,,
"挖～這兩種6塊雞餐感覺都很吸引人，到底該選哪個好？
親愛的粉絲幫幫我，你會選哪個？
（小提醒：印出或手機出示優惠券圖片都能兌換！）

＞＞想看更多 #優惠券：http://goo.gl/QaLjoD

#Coupon #好康 #折價券",https://www.facebook.com/kfctaiwan/photos/a.329668497105719.76003.324273577645211/790770194328878/?type=3,https://www.facebook.com/kfctaiwan/posts/793650210707543:0,2014-11-05T03:00:00+0000,photo,Timeline Photos,324273577645211_790770194328878,17,321,NONE,321,false,false,ranked,9,false,,,,,,,,,,,,,,,,,,,,
"【KFC x Duncan Design 聯手推薦】
#大紅袍麻辣紙包雞 的香、麻、辣獨享簡直太可惜！
八塊雙拼餐飽足感破表，還送獨家 Duncan 迴紋針！

＞＞等不及了，立即網路點餐！http://goo.gl/cyrjcq

#紙包雞 #限量贈品 #肯德基 #咔啦脆雞",https://www.facebook.com/kfctaiwan/photos/a.329668497105719.76003.324273577645211/785517261520838/?type=3,https://www.facebook.com/kfctaiwan/posts/793255680746996:0,2014-11-04T10:30:01+0000,photo,Timeline Photos,324273577645211_785517261520838,8,345,NONE,345,false,false,ranked,9,false,544241848968882,Duncan,page,7,13,,,,,,,,,,,,,,,
"當酥酥脆脆的 #吮指嫩雞燒餅 對上 一捲暖呼呼的 #吮指嫩雞蛋烤餅 ，你選哪個當早餐？

請．選．擇！",https://www.facebook.com/kfctaiwan/photos/a.329668497105719.76003.324273577645211/770001799739051/?type=3,https://www.facebook.com/kfctaiwan/posts/793095220763042:0,2014-11-04T02:00:00+0000,photo,Timeline Photos,324273577645211_770001799739051,3,394,NONE,394,false,false,ranked,4,false,,,,,,,,,,,,,,,,,,,,
"【KFC x Duncan Design 聯手出擊】
誰餓了，舉手？
買 #大紅袍麻辣紙包雞 $399八塊雙拼餐，立即獲得超限定迴紋針，等什麼？
（#網路訂餐 也能搶贈品＞＞http://goo.gl/P9xdZv）",https://www.facebook.com/duncanlindesign/photos/a.544251125634621.1073741828.544241848968882/821816757878055/?type=3,https://www.facebook.com/kfctaiwan/posts/792674530805111,2014-11-03T10:56:03+0000,photo,Duncan,324273577645211_792674530805111,,1207,NONE,1207,false,false,ranked,11,false,544241848968882,Duncan,page,7,13,,,,,,,,,,,,,,,
"#比司吉 搭配一杯咖啡，就是最完美的早餐好滋味～
親愛的你早～安～！新的一週活力開啟了，笑一個　^___^b

#肯德基早餐",https://www.facebook.com/kfctaiwan/photos/a.329668497105719.76003.324273577645211/790766664329231/?type=3,https://www.facebook.com/kfctaiwan/posts/792468217492409:0,2014-11-03T00:00:01+0000,photo,Timeline Photos,324273577645211_790766664329231,1,271,NONE,271,false,false,ranked,2,false,,,,,,,,,,,,,,,,,,,,
"#肯德基快取GO #點餐車道 專屬優惠，就愛回饋給開車騎車來買好料的你！
即日起到12/31，消費並出示圖片即刻享優惠～

＞找最近的點餐車道：http://goo.gl/dPzLoY

#drivethrough #取餐車道",https://www.facebook.com/kfctaiwan/photos/a.329668497105719.76003.324273577645211/790753020997262/?type=3,https://www.facebook.com/kfctaiwan/posts/791913297547901:0,2014-11-02T02:00:01+0000,photo,Timeline Photos,324273577645211_790753020997262,6,182,NONE,182,false,false,ranked,0,false,,,,,,,,,,,,,,,,,,,,
"#麻辣代言人 瘋狂16連拍，轟動西門町！
現場立刻拍、立刻印給你、立刻上傳FB、立刻獲得免費 #蛋撻券！
走！ #肯德基 西門峨嵋餐廳見！（台北市萬華區峨嵋街14-16號2樓）

今天限時拍到晚上八點，明天11/02(日) 11am - 8pm等你來挑戰！

＞網路參賽：http://www.fever38.com/promo-kfctaiwan-93273 
＞點購 #大紅袍麻辣紙包雞 八塊雙拼餐$399，立即獲得 KFC x Duncan Design 獨家設計迴紋針乙個，送完為止！

西門町 Ximenting",https://www.facebook.com/kfctaiwan/photos/a.329668497105719.76003.324273577645211/791413097597921/?type=3,https://www.facebook.com/kfctaiwan/posts/791417807597450:0,2014-10-31T17:27:00+0000,photo,Timeline Photos,324273577645211_791413097597921,,147,NONE,147,false,false,ranked,1,false,544241848968882,Duncan,page,217,13,188989877801742,西門町 Ximenting,page,248,13,,,,,,,,,,
"耶！明天就是周末啦～
陽光早餐你想吃哪樣？
＞＞#優惠券 索取：http://goo.gl/CKUF89
（手機出示圖片也可以兌換喔～快分享出去！！）

#Coupon #好康 #折價券",https://www.facebook.com/kfctaiwan/photos/a.329668497105719.76003.324273577645211/782571825148715/?type=3,https://www.facebook.com/kfctaiwan/posts/791009127638318:0,2014-10-31T14:00:01+0000,photo,Timeline Photos,324273577645211_782571825148715,18,292,NONE,292,false,false,ranked,1,false,,,,,,,,,,,,,,,,,,,,
"就在這周末，【#麻辣代言人 徵選】拍貼機巡迴開跑！
現場挑戰16連拍，直接印出屬於你的香麻辣16種表情，還有機會賺到免費 #蛋撻券！還不快揪人！！
 
＞活動場次：
2014/11/01(六)、11/02(日) 11am - 8pm 《台北》肯德基西門峨嵋餐廳 
2014/11/08(六)、11/09(日) 11am - 8pm 《台北》肯德基公館台大餐廳 
2014/11/15(六)、11/16(日) 11am - 8pm 《新竹》肯德基新竹大同餐廳 
2014/11/22(六)、11/23(日) 11am - 8pm 《高雄》肯德基高雄站前餐廳

＞網路參加：http://www.fever38.com/promo-kfctaiwan-93273 

#肯德基 #限時優惠 #限量 #西門町 西門町 Ximenting",https://www.facebook.com/kfctaiwan/photos/a.329668497105719.76003.324273577645211/789923237746907/?type=3,https://www.facebook.com/kfctaiwan/posts/790802917658939:0,2014-10-31T03:30:01+0000,photo,Timeline Photos,324273577645211_789923237746907,15,174,NONE,174,false,false,ranked,0,false,188989877801742,西門町 Ximenting,page,352,13,,,,,,,,,,,,,,,
"【萬聖節開趴專屬優惠】
不給糖．就搗蛋！
肚子餓扁扁，誰都想搗蛋～
記得提前預約外帶 #肯德基 手扒雞同樂餐，報上優惠編號還送飲料喔！

更豐富的餐點選擇，請到 #肯德基訂餐：http://goo.gl/JW4lhs

#萬聖節 #halloween #halloweenparty",https://www.facebook.com/kfctaiwan/photos/a.329668497105719.76003.324273577645211/785511621521402/?type=3,https://www.facebook.com/kfctaiwan/posts/790293907709840:0,2014-10-30T03:30:00+0000,photo,Timeline Photos,324273577645211_785511621521402,9,299,NONE,299,false,false,ranked,3,false,,,,,,,,,,,,,,,,,,,,
"【爺爺的選擇】
#肯德基早餐 豐富多樣又好吃，考考你的眼力，爺爺今天吃哪樣？請！搶！答！

＞＞完整早餐菜單：http://goo.gl/aBJaAP",https://www.facebook.com/kfctaiwan/photos/a.329668497105719.76003.324273577645211/783336868405544/?type=3,https://www.facebook.com/kfctaiwan/posts/789748771097687:0,2014-10-29T00:45:01+0000,photo,Timeline Photos,324273577645211_783336868405544,1,244,NONE,244,false,false,ranked,27,false,,,,,,,,,,,,,,,,,,,,
"#大紅袍麻辣紙包雞 香、麻、辣！ 
吃多層次口感  拍多層次的你 
挑戰16連拍，你就有機會成為 #麻辣代言人，成為店頭海報的Top Model！ 趕快轉轉轉發出去～

活動時間：即日起 ~ 2014/12/08

＞立刻參加！ http://www.fever38.com/promo-kfctaiwan-93273",https://www.facebook.com/kfctaiwan/videos/789919177747313/,https://www.facebook.com/kfctaiwan/videos/789919177747313/,2014-10-28T19:32:00+0000,video,,324273577645211_789919177747313,32,884,NONE,884,false,false,ranked,26,false,,,,,,,,,,,,,,,,,,,,
"【火辣推薦】
#大紅袍麻辣紙包雞 強勢降臨！即日起~12/15，香、麻、辣的大紅袍麻辣紙包雞加中可嚐鮮只要$99～小心上癮！

＞＞立即網路點餐：http://goo.gl/GGkz72

#紙包雞 #嚐鮮 #肯德基",https://www.facebook.com/kfctaiwan/photos/a.329668497105719.76003.324273577645211/785517424854155/?type=3,https://www.facebook.com/kfctaiwan/posts/789239907815240:0,2014-10-28T03:00:00+0000,photo,Timeline Photos,324273577645211_785517424854155,14,268,NONE,268,false,false,ranked,9,false,,,,,,,,,,,,,,,,,,,,
"肯德基【 #大紅袍麻辣紙包雞 】嚴選上等新鮮雞肉加入大紅袍花椒、蒜­香、胡椒等各式香辛料醃漬入味，灑上花椒粉，再以鋁箔紙包裹密封­。完整封存獨家椒麻辛香，香、麻、辣帶勁，一吃上癮！

你能表現多層次的香、麻、辣嗎？快來上傳麻辣16連拍，紅遍半邊­天的 #麻辣代言人 就是你！
＞【麻辣代言人】活動訊息：http://www.fever38.com/promo-kfctaiwan-93273
＞立即網路訂餐：http://goo.gl/2TojNV

餐點組合：
＊嚐鮮價：$99
＊重量級XL套餐：$165
＊八塊雙拼餐：$399，獨家贈送KFC x Duncan Design 迴紋針乙個！（贈品有限送完為止）",https://www.facebook.com/kfctaiwan/photos/a.327640700641832.75606.324273577645211/789152657823965/?type=3,https://www.facebook.com/kfctaiwan/posts/789156267823604,2014-10-28T01:14:58+0000,photo,KFC's cover photo,324273577645211_789152657823965,3,171,NONE,171,false,false,ranked,1,false,544241848968882,Duncan,page,277,13,,,,,,,,,,,,,,,
"#大紅袍麻辣紙包雞 香、麻、辣！
吃多層次口感  拍多層次的你
挑戰16連拍，你就有機會成為 #麻辣代言人，成為店頭海報的Top Model！還有機會抽中肯德基現金禮券1000元唷！趕快分享出去！！
＞立即參加：http://www.fever38.com/promo-kfctaiwan-93273 
＞立即訂餐：http://goo.gl/smBYaB

活動期間：2014/10/28 ~ 2014/12/08
公佈得獎：2014/12/16",https://www.facebook.com/kfctaiwan/photos/a.329668497105719.76003.324273577645211/789370674468830/?type=3,https://www.facebook.com/kfctaiwan/posts/789374894468408:0,2014-10-27T18:01:00+0000,photo,Timeline Photos,324273577645211_789370674468830,13,913,NONE,913,false,false,ranked,25,false,,,,,,,,,,,,,,,,,,,,
"【填問卷，獨享加購 #咔啦雞腿堡 只要$39！】
只要憑在肯德基消費發票上的調查序號，在消費後三天內上網填答5分鐘問卷，就可於下次消費時加39元加購咔啦雞腿堡！
＞＞發票找出來，馬上 #填問卷： http://goo.gl/UMHXP1

#肯德基以客為尊為客瘋狂 #survey",https://www.facebook.com/kfctaiwan/photos/a.329668497105719.76003.324273577645211/786516258087605/?type=3,https://www.facebook.com/kfctaiwan/posts/788828684523029:0,2014-10-27T13:30:01+0000,photo,Timeline Photos,324273577645211_786516258087605,10,246,NONE,246,false,false,ranked,9,false,,,,,,,,,,,,,,,,,,,,
"#柚香雞腿堡 x #99群星餐 ，秋天這樣搭最對味～
一口氣網羅雞塊、薯條、脆腿條、可樂，還只要$99！
吃過的粉絲快喊又，還沒吃過的...快衝啊！

＞＞肯德基 #網路訂餐 ，NOW！http://goo.gl/V79ss2

#優惠 #經典雞腿堡",https://www.facebook.com/kfctaiwan/photos/a.329668497105719.76003.324273577645211/788603814545516/?type=3,https://www.facebook.com/kfctaiwan/posts/788625821209982:0,2014-10-27T02:45:00+0000,photo,Timeline Photos,324273577645211_788603814545516,10,359,NONE,359,false,false,ranked,14,false,,,,,,,,,,,,,,,,,,,,
"免費喝咖啡的機會最後倒數！兌換只到11/3！
#肯德基 美式咖啡招待劵超搶手，即將兌換完畢，還沒搶到的，明天早餐就吃肯德基！

＞＞快查最近的肯德基在哪裡：http://goo.gl/iTbyyd

#免費咖啡 #肯德基早餐 #freecoffee",https://www.facebook.com/kfctaiwan/photos/a.329668497105719.76003.324273577645211/785446064861291/?type=3,https://www.facebook.com/kfctaiwan/posts/788262731246291:0,2014-10-26T13:30:00+0000,photo,Timeline Photos,324273577645211_785446064861291,5,228,NONE,228,false,false,ranked,0,false,,,,,,,,,,,,,,,,,,,,
"【汐止的朋友有福啦～】
#肯德基 汐止中興餐廳新開張，即日起到11/09都有開幕好康優惠，回饋在地好鄰居！
還等什麼？趕快出門搶便宜！

汐止中興餐廳：新北市汐止區中興路169號｜營業時間07:00~23:00

#優惠 #期間限定 #新開幕 #汐止",https://www.facebook.com/kfctaiwan/photos/a.329668497105719.76003.324273577645211/784858891586675/?type=3,https://www.facebook.com/kfctaiwan/posts/787454951327069:0,2014-10-25T03:30:01+0000,photo,Timeline Photos,324273577645211_784858891586675,13,212,NONE,212,false,false,ranked,5,false,,,,,,,,,,,,,,,,,,,,
"秋天的早晨，就該吃得清清爽爽的～
#火腿鮮蔬蛋烤餅 搭上香濃熱奶茶，絕配！
你也來一份吧（遞）

＞＞查最近的肯德基在哪裡：http://goo.gl/nJhtM1",https://www.facebook.com/kfctaiwan/photos/a.329668497105719.76003.324273577645211/785951011477463/?type=3,https://www.facebook.com/kfctaiwan/posts/786875058051725:0,2014-10-24T00:00:01+0000,photo,Timeline Photos,324273577645211_785951011477463,2,173,NONE,173,false,false,ranked,2,false,,,,,,,,,,,,,,,,,,,,
"【肯德基達人推理大考驗】
猜猜看，黃圈裡的餐點究竟是A、B、還是C？

＞＞越看越餓，直接開始 #肯德基訂餐 ：http://goo.gl/1plQ3X

#咔啦雞腿堡 #乳酪起司雞腿堡 #XL套餐",https://www.facebook.com/kfctaiwan/photos/a.329668497105719.76003.324273577645211/784973198241911/?type=3,https://www.facebook.com/kfctaiwan/posts/786439194761978:0,2014-10-23T03:30:00+0000,photo,Timeline Photos,324273577645211_784973198241911,1,268,NONE,268,false,false,ranked,16,false,,,,,,,,,,,,,,,,,,,,
"滴．答．滴．答．倒．數．計．時
樓上樓下左鄰右舍同事同學親戚朋友都愛吃的 #火腿鮮蔬蛋烤餅 嚐鮮優惠即將截止，你到底吃了沒？10/27最後一天，快行動！

小提醒：手機出示優惠券圖示就能兌換喔！趕快分享出去～

#肯德基早餐",https://www.facebook.com/kfctaiwan/photos/a.329668497105719.76003.324273577645211/785947868144444/?type=3,https://www.facebook.com/kfctaiwan/posts/786120188127212:0,2014-10-22T14:00:30+0000,photo,Timeline Photos,324273577645211_785947868144444,7,209,NONE,209,false,false,ranked,1,false,,,,,,,,,,,,,,,,,,,,
"歡樂星期三的中午，呼朋引伴點個 #肯德基 外送吧！
團長選好了！你呢？

＞＞立即網路點餐：http://goo.gl/DHCSNj
#紙包雞 #手扒雞  #蜜汁烙烤雞腿",https://www.facebook.com/kfctaiwan/photos/a.329668497105719.76003.324273577645211/785944748144756/?type=3,https://www.facebook.com/kfctaiwan/posts/785944888144742:0,2014-10-22T04:09:47+0000,photo,Timeline Photos,324273577645211_785944748144756,,311,NONE,311,false,false,ranked,3,false,,,,,,,,,,,,,,,,,,,,
"倒數計時！
再不趕快去吃 #柚香薄脆雞烤餅 就快吃不到啦！
你怎麼捨得錯過濃濃柚香醬、脆脆小黃瓜、帶勁雞肉的完美結合？

＞＞快查最近的肯德基在哪裡：http://goo.gl/80dgR5
＞＞現在訂外送：http://goo.gl/T1keEj",https://www.facebook.com/kfctaiwan/photos/a.329668497105719.76003.324273577645211/782602128479018/?type=3,https://www.facebook.com/kfctaiwan/posts/785441828195048:0,2014-10-21T03:30:01+0000,photo,Timeline Photos,324273577645211_782602128479018,5,246,NONE,246,false,false,ranked,1,false,,,,,,,,,,,,,,,,,,,,
"猜猜我是誰？
小提示：
1.有肉、有蛋又有菜～
2.陪你迎向美好的早晨
知道答案的粉絲請回答！

＞＞優惠券http://goo.gl/Gt6zh4",https://www.facebook.com/kfctaiwan/photos/a.329668497105719.76003.324273577645211/782555411817023/?type=3,https://www.facebook.com/kfctaiwan/posts/785086598230571:0,2014-10-20T13:30:00+0000,photo,Timeline Photos,324273577645211_782555411817023,2,270,NONE,270,false,false,ranked,9,false,,,,,,,,,,,,,,,,,,,,
"今天天氣好好啊～～～～
最可愛最有活力的粉絲們，Good MORNING! \\^o^//",,https://www.facebook.com/kfctaiwan/posts/784832434922654,2014-10-20T01:30:12+0000,status,,324273577645211_784832434922654,,148,NONE,148,false,false,ranked,3,false,,,,,,,,,,,,,,,,,,,,
"喔嗨喲！
朝氣十足的星期五，一起到 #肯德基 吃早餐吧～
說吧，你最 <3 吃哪個？

＞＞看完整菜單：http://goo.gl/kP3QIf",https://www.facebook.com/kfctaiwan/photos/a.329668497105719.76003.324273577645211/774185225987375/?type=3,https://www.facebook.com/kfctaiwan/posts/783065538432677:0,2014-10-16T23:00:01+0000,photo,Timeline Photos,324273577645211_774185225987375,4,224,NONE,224,false,false,ranked,1,false,,,,,,,,,,,,,,,,,,,,
